"","borPlankton.finalDecision"
"1","Rejected"
"2","Rejected"
"3","Rejected"
"4","Rejected"
"5","Rejected"
"6","Confirmed"
"7","Rejected"
"8","Rejected"
"9","Rejected"
"10","Confirmed"
"11","Rejected"
"12","Rejected"
"13","Confirmed"
"14","Rejected"
"15","Rejected"
"16","Rejected"
"17","Rejected"
"18","Rejected"
"19","Rejected"
"20","Confirmed"
"21","Rejected"
"22","Confirmed"
"23","Rejected"
"24","Rejected"
"25","Rejected"
"26","Rejected"
"27","Rejected"
"28","Rejected"
"29","Rejected"
"30","Rejected"
"31","Rejected"
"32","Rejected"
"33","Rejected"
"34","Rejected"
"35","Rejected"
"36","Rejected"
"37","Rejected"
"38","Rejected"
"39","Rejected"
"40","Tentative"
"41","Rejected"
"42","Tentative"
"43","Confirmed"
"44","Rejected"
"45","Rejected"
"46","Rejected"
"47","Rejected"
"48","Rejected"
"49","Rejected"
"50","Rejected"
"51","Rejected"
"52","Rejected"
"53","Rejected"
"54","Rejected"
"55","Rejected"
"56","Rejected"
"57","Rejected"
"58","Rejected"
"59","Rejected"
"60","Confirmed"
"61","Rejected"
"62","Tentative"
"63","Rejected"
"64","Rejected"
"65","Rejected"
"66","Rejected"
"67","Rejected"
"68","Rejected"
"69","Rejected"
"70","Rejected"
"71","Rejected"
"72","Rejected"
"73","Rejected"
"74","Rejected"
"75","Rejected"
"76","Rejected"
"77","Rejected"
"78","Rejected"
"79","Rejected"
"80","Rejected"
"81","Rejected"
"82","Rejected"
"83","Rejected"
"84","Rejected"
"85","Rejected"
"86","Rejected"
"87","Rejected"
"88","Rejected"
"89","Rejected"
"90","Rejected"
"91","Rejected"
"92","Rejected"
"93","Rejected"
"94","Rejected"
"95","Rejected"
"96","Rejected"
"97","Rejected"
"98","Rejected"
"99","Rejected"
"100","Rejected"
"101","Confirmed"
"102","Confirmed"
"103","Confirmed"
"104","Rejected"
"105","Rejected"
"106","Rejected"
"107","Rejected"
"108","Rejected"
"109","Rejected"
"110","Rejected"
"111","Rejected"
"112","Rejected"
"113","Rejected"
"114","Rejected"
"115","Rejected"
"116","Rejected"
"117","Rejected"
"118","Rejected"
"119","Rejected"
"120","Rejected"
"121","Rejected"
"122","Rejected"
"123","Rejected"
"124","Rejected"
"125","Rejected"
"126","Rejected"
"127","Rejected"
"128","Rejected"
"129","Rejected"
"130","Rejected"
"131","Rejected"
"132","Rejected"
"133","Rejected"
"134","Rejected"
"135","Rejected"
"136","Rejected"
"137","Rejected"
"138","Rejected"
"139","Rejected"
"140","Rejected"
"141","Rejected"
"142","Rejected"
"143","Rejected"
"144","Rejected"
"145","Rejected"
"146","Rejected"
"147","Rejected"
"148","Confirmed"
"149","Confirmed"
"150","Rejected"
"151","Rejected"
"152","Rejected"
"153","Rejected"
"154","Rejected"
"155","Rejected"
"156","Rejected"
"157","Rejected"
"158","Rejected"
"159","Rejected"
"160","Rejected"
"161","Rejected"
"162","Rejected"
"163","Rejected"
"164","Rejected"
"165","Rejected"
"166","Rejected"
"167","Tentative"
"168","Rejected"
"169","Rejected"
"170","Rejected"
"171","Confirmed"
"172","Rejected"
"173","Rejected"
"174","Rejected"
"175","Rejected"
"176","Rejected"
"177","Rejected"
"178","Rejected"
"179","Rejected"
"180","Rejected"
"181","Rejected"
"182","Rejected"
"183","Rejected"
"184","Rejected"
"185","Rejected"
"186","Rejected"
"187","Rejected"
"188","Rejected"
"189","Rejected"
"190","Rejected"
"191","Rejected"
"192","Rejected"
"193","Rejected"
"194","Rejected"
"195","Rejected"
"196","Rejected"
"197","Rejected"
"198","Rejected"
"199","Rejected"
"200","Rejected"
"201","Rejected"
"202","Rejected"
"203","Rejected"
"204","Rejected"
"205","Rejected"
"206","Rejected"
"207","Rejected"
"208","Rejected"
"209","Rejected"
"210","Rejected"
"211","Rejected"
"212","Rejected"
"213","Rejected"
"214","Rejected"
"215","Rejected"
"216","Rejected"
"217","Rejected"
"218","Rejected"
"219","Rejected"
"220","Rejected"
"221","Rejected"
"222","Rejected"
"223","Rejected"
"224","Rejected"
"225","Rejected"
"226","Rejected"
"227","Rejected"
"228","Rejected"
"229","Rejected"
"230","Rejected"
"231","Rejected"
"232","Rejected"
"233","Rejected"
"234","Rejected"
"235","Rejected"
"236","Rejected"
"237","Rejected"
"238","Rejected"
"239","Rejected"
"240","Rejected"
"241","Rejected"
"242","Rejected"
"243","Rejected"
"244","Rejected"
"245","Confirmed"
"246","Rejected"
"247","Rejected"
"248","Rejected"
"249","Rejected"
"250","Rejected"
"251","Rejected"
"252","Rejected"
"253","Rejected"
"254","Rejected"
"255","Rejected"
"256","Rejected"
"257","Rejected"
"258","Rejected"
"259","Rejected"
"260","Rejected"
"261","Rejected"
"262","Rejected"
"263","Rejected"
"264","Rejected"
"265","Rejected"
"266","Rejected"
"267","Rejected"
"268","Rejected"
"269","Tentative"
"270","Rejected"
"271","Rejected"
"272","Rejected"
"273","Rejected"
"274","Rejected"
"275","Rejected"
"276","Rejected"
"277","Rejected"
"278","Confirmed"
"279","Rejected"
"280","Rejected"
"281","Confirmed"
"282","Rejected"
"283","Confirmed"
"284","Rejected"
"285","Tentative"
"286","Rejected"
"287","Confirmed"
"288","Confirmed"
"289","Confirmed"
"290","Rejected"
"291","Confirmed"
"292","Rejected"
"293","Rejected"
"294","Rejected"
"295","Rejected"
"296","Confirmed"
"297","Confirmed"
"298","Rejected"
"299","Rejected"
"300","Rejected"
"301","Rejected"
"302","Confirmed"
"303","Confirmed"
"304","Rejected"
"305","Tentative"
"306","Rejected"
"307","Rejected"
"308","Rejected"
"309","Rejected"
"310","Rejected"
"311","Tentative"
"312","Rejected"
"313","Confirmed"
"314","Rejected"
"315","Rejected"
"316","Rejected"
"317","Rejected"
"318","Confirmed"
"319","Confirmed"
"320","Rejected"
"321","Rejected"
"322","Confirmed"
"323","Confirmed"
"324","Confirmed"
"325","Tentative"
"326","Tentative"
"327","Rejected"
"328","Rejected"
"329","Rejected"
"330","Rejected"
"331","Confirmed"
"332","Rejected"
"333","Rejected"
"334","Confirmed"
"335","Confirmed"
"336","Rejected"
"337","Rejected"
"338","Rejected"
"339","Rejected"
"340","Rejected"
"341","Rejected"
"342","Rejected"
"343","Rejected"
"344","Rejected"
"345","Rejected"
"346","Rejected"
"347","Rejected"
"348","Rejected"
"349","Rejected"
"350","Rejected"
"351","Rejected"
"352","Rejected"
"353","Rejected"
"354","Confirmed"
"355","Confirmed"
"356","Confirmed"
"357","Confirmed"
"358","Tentative"
"359","Rejected"
"360","Rejected"
"361","Rejected"
"362","Rejected"
"363","Rejected"
"364","Rejected"
"365","Rejected"
"366","Rejected"
"367","Rejected"
"368","Rejected"
"369","Rejected"
"370","Rejected"
"371","Rejected"
"372","Rejected"
"373","Rejected"
"374","Rejected"
"375","Rejected"
"376","Rejected"
"377","Confirmed"
"378","Rejected"
"379","Rejected"
"380","Rejected"
"381","Rejected"
"382","Rejected"
"383","Rejected"
"384","Rejected"
"385","Rejected"
"386","Rejected"
"387","Rejected"
"388","Rejected"
"389","Rejected"
"390","Rejected"
"391","Rejected"
"392","Rejected"
"393","Rejected"
"394","Rejected"
"395","Rejected"
"396","Rejected"
"397","Rejected"
"398","Rejected"
"399","Rejected"
"400","Rejected"
"401","Rejected"
"402","Rejected"
"403","Rejected"
"404","Rejected"
"405","Rejected"
"406","Rejected"
"407","Rejected"
"408","Rejected"
"409","Rejected"
"410","Rejected"
"411","Rejected"
"412","Rejected"
"413","Rejected"
"414","Rejected"
"415","Rejected"
"416","Rejected"
"417","Rejected"
"418","Rejected"
"419","Rejected"
"420","Rejected"
"421","Rejected"
"422","Rejected"
"423","Rejected"
"424","Rejected"
"425","Rejected"
"426","Rejected"
"427","Rejected"
"428","Rejected"
"429","Rejected"
"430","Rejected"
"431","Rejected"
"432","Rejected"
"433","Rejected"
"434","Rejected"
"435","Rejected"
"436","Rejected"
"437","Rejected"
"438","Rejected"
"439","Rejected"
"440","Rejected"
"441","Rejected"
"442","Rejected"
"443","Rejected"
"444","Rejected"
"445","Rejected"
"446","Rejected"
"447","Rejected"
"448","Rejected"
"449","Rejected"
"450","Rejected"
"451","Rejected"
"452","Rejected"
"453","Rejected"
"454","Rejected"
"455","Rejected"
"456","Rejected"
"457","Rejected"
"458","Rejected"
"459","Rejected"
"460","Rejected"
"461","Rejected"
"462","Rejected"
"463","Rejected"
"464","Rejected"
"465","Rejected"
"466","Rejected"
"467","Rejected"
"468","Rejected"
"469","Rejected"
"470","Rejected"
"471","Rejected"
"472","Rejected"
"473","Rejected"
"474","Rejected"
"475","Rejected"
"476","Rejected"
"477","Rejected"
"478","Rejected"
"479","Rejected"
"480","Rejected"
"481","Rejected"
"482","Rejected"
"483","Rejected"
"484","Rejected"
"485","Rejected"
"486","Rejected"
"487","Rejected"
"488","Rejected"
"489","Rejected"
"490","Rejected"
"491","Rejected"
"492","Rejected"
"493","Rejected"
"494","Rejected"
"495","Rejected"
"496","Rejected"
"497","Rejected"
"498","Rejected"
"499","Rejected"
"500","Rejected"
"501","Rejected"
"502","Rejected"
"503","Rejected"
"504","Rejected"
"505","Rejected"
"506","Rejected"
"507","Rejected"
"508","Rejected"
"509","Rejected"
"510","Rejected"
"511","Rejected"
"512","Rejected"
"513","Rejected"
"514","Rejected"
"515","Rejected"
"516","Rejected"
"517","Rejected"
"518","Rejected"
"519","Rejected"
"520","Rejected"
"521","Rejected"
"522","Rejected"
"523","Rejected"
"524","Rejected"
"525","Rejected"
"526","Rejected"
"527","Rejected"
"528","Rejected"
"529","Rejected"
"530","Rejected"
"531","Rejected"
"532","Rejected"
"533","Rejected"
"534","Rejected"
"535","Rejected"
"536","Rejected"
"537","Rejected"
"538","Rejected"
"539","Confirmed"
"540","Rejected"
"541","Rejected"
"542","Rejected"
"543","Rejected"
"544","Rejected"
"545","Rejected"
"546","Rejected"
"547","Tentative"
"548","Rejected"
"549","Tentative"
"550","Rejected"
"551","Rejected"
"552","Rejected"
"553","Rejected"
"554","Rejected"
"555","Rejected"
"556","Rejected"
"557","Rejected"
"558","Rejected"
"559","Rejected"
"560","Rejected"
"561","Rejected"
"562","Rejected"
"563","Rejected"
"564","Rejected"
"565","Confirmed"
"566","Rejected"
"567","Rejected"
"568","Rejected"
"569","Tentative"
"570","Rejected"
"571","Confirmed"
"572","Rejected"
"573","Confirmed"
"574","Rejected"
"575","Confirmed"
"576","Rejected"
"577","Tentative"
"578","Rejected"
"579","Rejected"
"580","Rejected"
"581","Confirmed"
"582","Rejected"
"583","Confirmed"
"584","Rejected"
"585","Confirmed"
"586","Rejected"
"587","Confirmed"
"588","Tentative"
"589","Confirmed"
"590","Rejected"
"591","Rejected"
"592","Rejected"
"593","Rejected"
"594","Rejected"
"595","Rejected"
"596","Rejected"
"597","Rejected"
"598","Rejected"
"599","Rejected"
"600","Rejected"
"601","Rejected"
"602","Rejected"
"603","Rejected"
"604","Confirmed"
"605","Rejected"
"606","Rejected"
"607","Rejected"
"608","Rejected"
"609","Rejected"
"610","Rejected"
"611","Rejected"
"612","Rejected"
"613","Rejected"
"614","Rejected"
"615","Rejected"
"616","Rejected"
"617","Rejected"
"618","Rejected"
"619","Confirmed"
"620","Confirmed"
"621","Confirmed"
"622","Confirmed"
"623","Confirmed"
"624","Rejected"
"625","Rejected"
"626","Rejected"
"627","Tentative"
"628","Rejected"
"629","Rejected"
"630","Rejected"
"631","Rejected"
"632","Rejected"
"633","Rejected"
"634","Rejected"
"635","Rejected"
"636","Rejected"
"637","Rejected"
"638","Rejected"
"639","Rejected"
"640","Confirmed"
"641","Rejected"
"642","Rejected"
"643","Rejected"
"644","Confirmed"
"645","Rejected"
"646","Rejected"
"647","Rejected"
"648","Rejected"
"649","Rejected"
"650","Rejected"
"651","Rejected"
"652","Rejected"
"653","Rejected"
"654","Rejected"
"655","Rejected"
"656","Rejected"
"657","Rejected"
"658","Rejected"
"659","Rejected"
"660","Rejected"
"661","Rejected"
"662","Rejected"
"663","Rejected"
"664","Rejected"
"665","Rejected"
"666","Rejected"
"667","Rejected"
"668","Rejected"
"669","Rejected"
"670","Rejected"
"671","Rejected"
"672","Rejected"
"673","Rejected"
"674","Rejected"
"675","Rejected"
"676","Rejected"
"677","Rejected"
"678","Rejected"
"679","Rejected"
"680","Rejected"
"681","Rejected"
"682","Rejected"
"683","Rejected"
"684","Rejected"
"685","Rejected"
"686","Rejected"
"687","Rejected"
"688","Rejected"
"689","Rejected"
"690","Rejected"
"691","Rejected"
"692","Rejected"
"693","Rejected"
"694","Rejected"
"695","Rejected"
"696","Rejected"
"697","Rejected"
"698","Rejected"
"699","Rejected"
"700","Rejected"
"701","Rejected"
"702","Rejected"
"703","Rejected"
"704","Rejected"
"705","Rejected"
"706","Rejected"
"707","Rejected"
"708","Rejected"
"709","Rejected"
"710","Rejected"
"711","Rejected"
"712","Rejected"
"713","Rejected"
"714","Rejected"
"715","Rejected"
"716","Rejected"
"717","Rejected"
"718","Rejected"
"719","Rejected"
"720","Rejected"
"721","Rejected"
"722","Rejected"
"723","Rejected"
"724","Rejected"
"725","Rejected"
"726","Rejected"
"727","Rejected"
"728","Rejected"
"729","Rejected"
"730","Rejected"
"731","Rejected"
"732","Rejected"
"733","Rejected"
"734","Rejected"
"735","Rejected"
"736","Rejected"
"737","Rejected"
"738","Rejected"
"739","Rejected"
"740","Rejected"
"741","Rejected"
"742","Rejected"
"743","Rejected"
"744","Rejected"
"745","Rejected"
"746","Rejected"
"747","Rejected"
"748","Rejected"
"749","Rejected"
"750","Rejected"
"751","Rejected"
"752","Rejected"
"753","Rejected"
"754","Rejected"
"755","Rejected"
"756","Rejected"
"757","Rejected"
"758","Rejected"
"759","Rejected"
"760","Rejected"
"761","Rejected"
"762","Rejected"
"763","Rejected"
"764","Rejected"
"765","Rejected"
"766","Rejected"
"767","Rejected"
"768","Rejected"
"769","Rejected"
"770","Rejected"
"771","Rejected"
"772","Rejected"
"773","Rejected"
"774","Rejected"
"775","Rejected"
"776","Rejected"
"777","Rejected"
"778","Rejected"
"779","Rejected"
"780","Rejected"
"781","Rejected"
"782","Rejected"
"783","Rejected"
"784","Rejected"
"785","Rejected"
"786","Rejected"
"787","Rejected"
"788","Rejected"
"789","Rejected"
"790","Rejected"
"791","Rejected"
"792","Rejected"
"793","Rejected"
"794","Rejected"
"795","Rejected"
"796","Rejected"
"797","Rejected"
"798","Rejected"
"799","Rejected"
"800","Rejected"
"801","Rejected"
"802","Rejected"
"803","Rejected"
"804","Rejected"
"805","Rejected"
"806","Rejected"
"807","Rejected"
"808","Rejected"
"809","Rejected"
"810","Rejected"
"811","Rejected"
"812","Rejected"
"813","Rejected"
"814","Rejected"
"815","Rejected"
"816","Rejected"
"817","Rejected"
"818","Rejected"
"819","Rejected"
"820","Rejected"
"821","Rejected"
"822","Rejected"
"823","Rejected"
"824","Rejected"
"825","Rejected"
"826","Rejected"
"827","Rejected"
"828","Rejected"
"829","Rejected"
"830","Rejected"
"831","Rejected"
"832","Rejected"
"833","Rejected"
"834","Rejected"
"835","Rejected"
"836","Rejected"
"837","Rejected"
"838","Confirmed"
"839","Rejected"
"840","Rejected"
"841","Rejected"
"842","Rejected"
"843","Rejected"
"844","Rejected"
"845","Rejected"
"846","Rejected"
"847","Confirmed"
"848","Rejected"
"849","Rejected"
"850","Tentative"
"851","Rejected"
"852","Rejected"
"853","Rejected"
"854","Rejected"
"855","Rejected"
"856","Rejected"
"857","Rejected"
"858","Rejected"
"859","Rejected"
"860","Rejected"
"861","Rejected"
"862","Confirmed"
"863","Rejected"
"864","Confirmed"
"865","Rejected"
"866","Rejected"
"867","Rejected"
"868","Rejected"
"869","Tentative"
"870","Rejected"
"871","Confirmed"
"872","Rejected"
"873","Rejected"
"874","Rejected"
"875","Rejected"
"876","Rejected"
"877","Rejected"
"878","Rejected"
"879","Confirmed"
"880","Rejected"
"881","Rejected"
"882","Confirmed"
"883","Rejected"
"884","Rejected"
"885","Rejected"
"886","Rejected"
"887","Rejected"
"888","Rejected"
"889","Rejected"
"890","Rejected"
"891","Rejected"
"892","Rejected"
"893","Rejected"
"894","Rejected"
"895","Rejected"
"896","Rejected"
"897","Rejected"
"898","Rejected"
"899","Confirmed"
"900","Rejected"
"901","Rejected"
"902","Rejected"
"903","Rejected"
"904","Rejected"
"905","Rejected"
"906","Rejected"
"907","Rejected"
"908","Rejected"
"909","Rejected"
"910","Rejected"
"911","Rejected"
"912","Rejected"
"913","Rejected"
"914","Rejected"
"915","Rejected"
"916","Rejected"
"917","Rejected"
"918","Rejected"
"919","Rejected"
"920","Rejected"
"921","Rejected"
"922","Rejected"
"923","Rejected"
"924","Rejected"
"925","Rejected"
"926","Rejected"
"927","Rejected"
"928","Rejected"
"929","Rejected"
"930","Rejected"
"931","Rejected"
"932","Rejected"
"933","Rejected"
"934","Rejected"
"935","Rejected"
"936","Rejected"
"937","Rejected"
"938","Rejected"
"939","Rejected"
"940","Rejected"
"941","Rejected"
"942","Rejected"
"943","Rejected"
"944","Rejected"
"945","Rejected"
"946","Rejected"
"947","Rejected"
"948","Rejected"
"949","Rejected"
"950","Rejected"
"951","Rejected"
"952","Rejected"
"953","Rejected"
"954","Rejected"
"955","Rejected"
"956","Rejected"
"957","Rejected"
"958","Rejected"
"959","Rejected"
"960","Rejected"
"961","Rejected"
"962","Rejected"
"963","Rejected"
"964","Rejected"
"965","Rejected"
"966","Rejected"
"967","Rejected"
"968","Rejected"
"969","Rejected"
"970","Rejected"
"971","Rejected"
"972","Rejected"
"973","Rejected"
"974","Rejected"
"975","Rejected"
"976","Rejected"
"977","Rejected"
"978","Rejected"
"979","Rejected"
"980","Rejected"
"981","Rejected"
"982","Rejected"
"983","Rejected"
"984","Rejected"
"985","Rejected"
"986","Rejected"
"987","Rejected"
"988","Rejected"
"989","Rejected"
"990","Rejected"
"991","Rejected"
"992","Rejected"
"993","Rejected"
"994","Rejected"
"995","Rejected"
"996","Rejected"
"997","Rejected"
"998","Rejected"
"999","Rejected"
"1000","Rejected"
"1001","Rejected"
"1002","Rejected"
"1003","Rejected"
"1004","Rejected"
"1005","Rejected"
"1006","Rejected"
"1007","Rejected"
"1008","Confirmed"
"1009","Rejected"
"1010","Rejected"
"1011","Rejected"
"1012","Rejected"
"1013","Rejected"
"1014","Rejected"
"1015","Rejected"
"1016","Rejected"
"1017","Rejected"
"1018","Rejected"
"1019","Rejected"
"1020","Rejected"
"1021","Rejected"
"1022","Rejected"
"1023","Rejected"
"1024","Rejected"
"1025","Rejected"
"1026","Rejected"
"1027","Rejected"
"1028","Rejected"
"1029","Rejected"
"1030","Rejected"
"1031","Rejected"
"1032","Rejected"
"1033","Rejected"
"1034","Rejected"
"1035","Rejected"
"1036","Rejected"
"1037","Rejected"
"1038","Rejected"
"1039","Rejected"
"1040","Rejected"
"1041","Rejected"
"1042","Rejected"
"1043","Rejected"
"1044","Rejected"
"1045","Rejected"
"1046","Rejected"
"1047","Rejected"
"1048","Rejected"
"1049","Rejected"
"1050","Rejected"
"1051","Rejected"
"1052","Rejected"
"1053","Rejected"
"1054","Rejected"
"1055","Rejected"
"1056","Rejected"
"1057","Rejected"
"1058","Rejected"
"1059","Rejected"
"1060","Rejected"
"1061","Rejected"
"1062","Rejected"
"1063","Rejected"
"1064","Rejected"
"1065","Rejected"
"1066","Rejected"
"1067","Rejected"
"1068","Rejected"
"1069","Rejected"
"1070","Rejected"
"1071","Rejected"
"1072","Rejected"
"1073","Rejected"
"1074","Rejected"
"1075","Rejected"
"1076","Rejected"
"1077","Rejected"
"1078","Rejected"
"1079","Rejected"
"1080","Rejected"
"1081","Rejected"
"1082","Rejected"
"1083","Rejected"
"1084","Rejected"
"1085","Rejected"
"1086","Rejected"
"1087","Rejected"
"1088","Rejected"
"1089","Rejected"
"1090","Rejected"
"1091","Rejected"
"1092","Rejected"
"1093","Rejected"
"1094","Rejected"
"1095","Rejected"
"1096","Rejected"
"1097","Rejected"
"1098","Rejected"
"1099","Rejected"
"1100","Rejected"
"1101","Rejected"
"1102","Rejected"
"1103","Rejected"
"1104","Rejected"
"1105","Rejected"
"1106","Rejected"
"1107","Rejected"
"1108","Rejected"
"1109","Rejected"
"1110","Rejected"
"1111","Rejected"
"1112","Rejected"
"1113","Rejected"
"1114","Confirmed"
"1115","Rejected"
"1116","Confirmed"
"1117","Rejected"
"1118","Rejected"
"1119","Rejected"
"1120","Tentative"
"1121","Confirmed"
"1122","Rejected"
"1123","Rejected"
"1124","Rejected"
"1125","Rejected"
"1126","Rejected"
"1127","Rejected"
"1128","Rejected"
"1129","Rejected"
"1130","Rejected"
"1131","Rejected"
"1132","Rejected"
"1133","Rejected"
"1134","Rejected"
"1135","Rejected"
"1136","Rejected"
"1137","Rejected"
"1138","Rejected"
"1139","Rejected"
"1140","Rejected"
"1141","Confirmed"
"1142","Confirmed"
"1143","Rejected"
"1144","Rejected"
"1145","Rejected"
"1146","Confirmed"
"1147","Tentative"
"1148","Rejected"
"1149","Rejected"
"1150","Rejected"
"1151","Rejected"
"1152","Rejected"
"1153","Rejected"
"1154","Rejected"
"1155","Rejected"
"1156","Rejected"
"1157","Confirmed"
"1158","Rejected"
"1159","Rejected"
"1160","Rejected"
"1161","Rejected"
"1162","Rejected"
"1163","Rejected"
"1164","Rejected"
"1165","Rejected"
"1166","Rejected"
"1167","Rejected"
"1168","Rejected"
"1169","Rejected"
"1170","Rejected"
"1171","Rejected"
"1172","Rejected"
"1173","Rejected"
"1174","Rejected"
"1175","Rejected"
"1176","Rejected"
"1177","Rejected"
"1178","Rejected"
"1179","Rejected"
"1180","Rejected"
"1181","Rejected"
"1182","Rejected"
"1183","Rejected"
"1184","Confirmed"
"1185","Rejected"
"1186","Rejected"
"1187","Rejected"
"1188","Rejected"
"1189","Rejected"
"1190","Rejected"
"1191","Rejected"
"1192","Rejected"
"1193","Rejected"
"1194","Rejected"
"1195","Rejected"
"1196","Rejected"
"1197","Rejected"
"1198","Rejected"
"1199","Rejected"
"1200","Rejected"
"1201","Rejected"
"1202","Confirmed"
"1203","Rejected"
"1204","Confirmed"
"1205","Rejected"
"1206","Rejected"
"1207","Rejected"
"1208","Rejected"
"1209","Rejected"
"1210","Rejected"
"1211","Rejected"
"1212","Rejected"
"1213","Rejected"
"1214","Rejected"
"1215","Rejected"
"1216","Rejected"
"1217","Rejected"
"1218","Rejected"
"1219","Rejected"
"1220","Rejected"
"1221","Rejected"
"1222","Rejected"
"1223","Rejected"
"1224","Rejected"
"1225","Rejected"
"1226","Rejected"
"1227","Rejected"
"1228","Rejected"
"1229","Rejected"
"1230","Rejected"
"1231","Rejected"
"1232","Rejected"
"1233","Rejected"
"1234","Rejected"
"1235","Rejected"
"1236","Rejected"
"1237","Rejected"
"1238","Rejected"
"1239","Rejected"
"1240","Rejected"
"1241","Rejected"
"1242","Rejected"
"1243","Rejected"
"1244","Rejected"
"1245","Rejected"
"1246","Rejected"
"1247","Rejected"
"1248","Rejected"
"1249","Rejected"
"1250","Rejected"
"1251","Rejected"
"1252","Rejected"
"1253","Rejected"
"1254","Rejected"
"1255","Rejected"
"1256","Rejected"
"1257","Rejected"
"1258","Rejected"
"1259","Rejected"
"1260","Rejected"
"1261","Rejected"
"1262","Rejected"
"1263","Rejected"
"1264","Rejected"
"1265","Rejected"
"1266","Rejected"
"1267","Rejected"
"1268","Rejected"
"1269","Rejected"
"1270","Rejected"
"1271","Rejected"
"1272","Rejected"
"1273","Rejected"
"1274","Rejected"
"1275","Rejected"
"1276","Rejected"
"1277","Rejected"
"1278","Rejected"
"1279","Rejected"
"1280","Rejected"
"1281","Rejected"
"1282","Rejected"
"1283","Rejected"
"1284","Rejected"
"1285","Rejected"
"1286","Rejected"
"1287","Rejected"
"1288","Rejected"
"1289","Rejected"
"1290","Rejected"
"1291","Tentative"
"1292","Rejected"
"1293","Rejected"
"1294","Rejected"
"1295","Rejected"
"1296","Rejected"
"1297","Rejected"
"1298","Rejected"
"1299","Rejected"
"1300","Rejected"
"1301","Rejected"
"1302","Rejected"
"1303","Rejected"
"1304","Rejected"
"1305","Rejected"
"1306","Rejected"
"1307","Rejected"
"1308","Rejected"
"1309","Rejected"
"1310","Rejected"
"1311","Confirmed"
"1312","Rejected"
"1313","Rejected"
"1314","Rejected"
"1315","Rejected"
"1316","Rejected"
"1317","Rejected"
"1318","Rejected"
"1319","Rejected"
"1320","Rejected"
"1321","Rejected"
"1322","Rejected"
"1323","Rejected"
"1324","Rejected"
"1325","Rejected"
"1326","Rejected"
"1327","Rejected"
"1328","Rejected"
"1329","Rejected"
"1330","Rejected"
"1331","Rejected"
"1332","Rejected"
"1333","Rejected"
"1334","Rejected"
"1335","Rejected"
"1336","Rejected"
"1337","Rejected"
"1338","Rejected"
"1339","Rejected"
"1340","Rejected"
"1341","Rejected"
"1342","Rejected"
"1343","Confirmed"
"1344","Confirmed"
"1345","Rejected"
"1346","Confirmed"
"1347","Rejected"
"1348","Rejected"
"1349","Rejected"
"1350","Rejected"
"1351","Rejected"
"1352","Rejected"
"1353","Rejected"
"1354","Rejected"
"1355","Rejected"
"1356","Rejected"
"1357","Rejected"
"1358","Rejected"
"1359","Rejected"
"1360","Rejected"
"1361","Rejected"
"1362","Rejected"
"1363","Rejected"
"1364","Rejected"
"1365","Rejected"
"1366","Rejected"
"1367","Rejected"
"1368","Rejected"
"1369","Rejected"
"1370","Rejected"
"1371","Rejected"
"1372","Rejected"
"1373","Rejected"
"1374","Rejected"
"1375","Rejected"
"1376","Rejected"
"1377","Rejected"
"1378","Rejected"
"1379","Rejected"
"1380","Rejected"
"1381","Rejected"
"1382","Rejected"
"1383","Rejected"
"1384","Rejected"
"1385","Rejected"
"1386","Rejected"
"1387","Rejected"
"1388","Rejected"
"1389","Rejected"
"1390","Rejected"
"1391","Rejected"
"1392","Rejected"
"1393","Rejected"
"1394","Rejected"
"1395","Rejected"
"1396","Rejected"
"1397","Rejected"
"1398","Rejected"
"1399","Rejected"
"1400","Rejected"
"1401","Rejected"
"1402","Rejected"
"1403","Rejected"
"1404","Rejected"
"1405","Rejected"
"1406","Rejected"
"1407","Rejected"
"1408","Rejected"
"1409","Rejected"
"1410","Rejected"
"1411","Rejected"
"1412","Rejected"
"1413","Rejected"
"1414","Rejected"
"1415","Rejected"
"1416","Rejected"
"1417","Rejected"
"1418","Rejected"
"1419","Rejected"
"1420","Rejected"
"1421","Rejected"
"1422","Rejected"
"1423","Rejected"
"1424","Rejected"
"1425","Rejected"
"1426","Rejected"
"1427","Rejected"
"1428","Rejected"
"1429","Rejected"
"1430","Rejected"
"1431","Rejected"
"1432","Rejected"
"1433","Confirmed"
"1434","Rejected"
"1435","Rejected"
"1436","Rejected"
"1437","Rejected"
"1438","Confirmed"
"1439","Rejected"
"1440","Confirmed"
"1441","Rejected"
"1442","Rejected"
"1443","Rejected"
"1444","Rejected"
"1445","Rejected"
"1446","Rejected"
"1447","Rejected"
"1448","Rejected"
"1449","Rejected"
"1450","Rejected"
"1451","Rejected"
"1452","Rejected"
"1453","Rejected"
"1454","Rejected"
"1455","Rejected"
"1456","Rejected"
"1457","Rejected"
"1458","Rejected"
"1459","Rejected"
"1460","Rejected"
"1461","Rejected"
"1462","Rejected"
"1463","Rejected"
"1464","Rejected"
"1465","Rejected"
"1466","Confirmed"
"1467","Rejected"
"1468","Rejected"
"1469","Rejected"
"1470","Rejected"
"1471","Rejected"
"1472","Confirmed"
"1473","Rejected"
"1474","Rejected"
"1475","Rejected"
"1476","Rejected"
"1477","Rejected"
"1478","Rejected"
"1479","Rejected"
"1480","Rejected"
"1481","Rejected"
"1482","Rejected"
"1483","Rejected"
"1484","Rejected"
"1485","Rejected"
"1486","Rejected"
"1487","Rejected"
"1488","Rejected"
"1489","Rejected"
"1490","Rejected"
"1491","Rejected"
"1492","Rejected"
"1493","Rejected"
"1494","Rejected"
"1495","Rejected"
"1496","Rejected"
"1497","Rejected"
"1498","Rejected"
"1499","Rejected"
"1500","Rejected"
"1501","Rejected"
"1502","Rejected"
"1503","Rejected"
"1504","Rejected"
"1505","Rejected"
"1506","Rejected"
"1507","Rejected"
"1508","Rejected"
"1509","Rejected"
"1510","Rejected"
"1511","Rejected"
"1512","Rejected"
"1513","Rejected"
"1514","Rejected"
"1515","Rejected"
"1516","Rejected"
"1517","Rejected"
"1518","Rejected"
"1519","Rejected"
"1520","Rejected"
"1521","Rejected"
"1522","Rejected"
"1523","Rejected"
"1524","Rejected"
"1525","Rejected"
"1526","Rejected"
"1527","Rejected"
"1528","Rejected"
"1529","Rejected"
"1530","Rejected"
"1531","Rejected"
"1532","Rejected"
"1533","Rejected"
"1534","Rejected"
"1535","Rejected"
"1536","Rejected"
"1537","Rejected"
"1538","Rejected"
"1539","Rejected"
"1540","Rejected"
"1541","Rejected"
"1542","Rejected"
"1543","Rejected"
"1544","Rejected"
"1545","Rejected"
"1546","Rejected"
"1547","Rejected"
"1548","Rejected"
"1549","Rejected"
"1550","Rejected"
"1551","Rejected"
"1552","Rejected"
"1553","Rejected"
"1554","Rejected"
"1555","Rejected"
"1556","Rejected"
"1557","Rejected"
"1558","Rejected"
"1559","Rejected"
"1560","Rejected"
"1561","Rejected"
"1562","Rejected"
"1563","Rejected"
"1564","Rejected"
"1565","Rejected"
"1566","Rejected"
"1567","Rejected"
"1568","Rejected"
"1569","Rejected"
"1570","Rejected"
"1571","Rejected"
"1572","Rejected"
"1573","Rejected"
"1574","Rejected"
"1575","Rejected"
"1576","Rejected"
"1577","Rejected"
"1578","Rejected"
"1579","Rejected"
"1580","Rejected"
"1581","Rejected"
"1582","Rejected"
"1583","Rejected"
"1584","Rejected"
"1585","Rejected"
"1586","Rejected"
"1587","Rejected"
"1588","Rejected"
"1589","Rejected"
"1590","Rejected"
"1591","Rejected"
"1592","Rejected"
"1593","Rejected"
"1594","Tentative"
"1595","Rejected"
"1596","Rejected"
"1597","Rejected"
"1598","Rejected"
"1599","Rejected"
"1600","Rejected"
"1601","Rejected"
"1602","Rejected"
"1603","Rejected"
"1604","Rejected"
"1605","Rejected"
"1606","Rejected"
"1607","Rejected"
"1608","Rejected"
"1609","Rejected"
"1610","Rejected"
"1611","Rejected"
"1612","Rejected"
"1613","Rejected"
"1614","Rejected"
"1615","Rejected"
"1616","Rejected"
"1617","Rejected"
"1618","Rejected"
"1619","Rejected"
"1620","Rejected"
"1621","Rejected"
"1622","Rejected"
"1623","Rejected"
"1624","Rejected"
"1625","Rejected"
"1626","Rejected"
"1627","Rejected"
"1628","Rejected"
"1629","Rejected"
"1630","Rejected"
"1631","Rejected"
"1632","Rejected"
"1633","Rejected"
"1634","Rejected"
"1635","Rejected"
"1636","Rejected"
"1637","Rejected"
"1638","Rejected"
"1639","Rejected"
"1640","Rejected"
"1641","Rejected"
"1642","Rejected"
"1643","Rejected"
"1644","Rejected"
"1645","Rejected"
"1646","Rejected"
"1647","Rejected"
"1648","Rejected"
"1649","Rejected"
"1650","Rejected"
"1651","Rejected"
"1652","Rejected"
"1653","Rejected"
"1654","Rejected"
"1655","Rejected"
"1656","Rejected"
"1657","Rejected"
"1658","Rejected"
"1659","Rejected"
"1660","Rejected"
"1661","Rejected"
"1662","Rejected"
"1663","Rejected"
"1664","Rejected"
"1665","Rejected"
"1666","Rejected"
"1667","Rejected"
"1668","Rejected"
"1669","Rejected"
"1670","Rejected"
"1671","Rejected"
"1672","Rejected"
"1673","Rejected"
"1674","Rejected"
"1675","Rejected"
"1676","Rejected"
"1677","Rejected"
"1678","Confirmed"
"1679","Rejected"
"1680","Rejected"
"1681","Rejected"
"1682","Confirmed"
"1683","Rejected"
"1684","Rejected"
"1685","Rejected"
"1686","Rejected"
"1687","Rejected"
"1688","Rejected"
"1689","Rejected"
"1690","Rejected"
"1691","Rejected"
"1692","Rejected"
"1693","Rejected"
"1694","Rejected"
"1695","Rejected"
"1696","Rejected"
"1697","Rejected"
"1698","Rejected"
"1699","Rejected"
"1700","Rejected"
"1701","Rejected"
"1702","Rejected"
"1703","Rejected"
"1704","Rejected"
"1705","Rejected"
"1706","Rejected"
"1707","Rejected"
"1708","Rejected"
"1709","Rejected"
"1710","Rejected"
"1711","Rejected"
"1712","Rejected"
"1713","Rejected"
"1714","Rejected"
"1715","Rejected"
"1716","Rejected"
"1717","Rejected"
"1718","Rejected"
"1719","Rejected"
"1720","Confirmed"
"1721","Rejected"
"1722","Rejected"
"1723","Rejected"
"1724","Rejected"
"1725","Rejected"
"1726","Rejected"
"1727","Rejected"
"1728","Rejected"
"1729","Rejected"
"1730","Rejected"
"1731","Rejected"
"1732","Rejected"
"1733","Rejected"
"1734","Rejected"
"1735","Rejected"
"1736","Rejected"
"1737","Rejected"
"1738","Rejected"
"1739","Rejected"
"1740","Rejected"
"1741","Rejected"
"1742","Rejected"
"1743","Rejected"
"1744","Rejected"
"1745","Rejected"
"1746","Rejected"
"1747","Rejected"
"1748","Confirmed"
"1749","Rejected"
"1750","Rejected"
"1751","Rejected"
"1752","Rejected"
"1753","Rejected"
"1754","Rejected"
"1755","Rejected"
"1756","Rejected"
"1757","Rejected"
"1758","Rejected"
"1759","Rejected"
"1760","Rejected"
"1761","Rejected"
"1762","Rejected"
"1763","Rejected"
"1764","Rejected"
"1765","Rejected"
"1766","Rejected"
"1767","Rejected"
"1768","Rejected"
"1769","Rejected"
"1770","Confirmed"
"1771","Rejected"
"1772","Rejected"
"1773","Rejected"
"1774","Rejected"
"1775","Rejected"
"1776","Rejected"
"1777","Rejected"
"1778","Rejected"
"1779","Rejected"
"1780","Rejected"
"1781","Rejected"
"1782","Rejected"
"1783","Rejected"
"1784","Rejected"
"1785","Rejected"
"1786","Rejected"
"1787","Rejected"
"1788","Rejected"
"1789","Confirmed"
"1790","Rejected"
"1791","Rejected"
"1792","Rejected"
"1793","Rejected"
"1794","Rejected"
"1795","Rejected"
"1796","Rejected"
"1797","Rejected"
"1798","Rejected"
"1799","Rejected"
"1800","Rejected"
"1801","Rejected"
"1802","Rejected"
"1803","Rejected"
"1804","Rejected"
"1805","Rejected"
"1806","Rejected"
"1807","Rejected"
"1808","Rejected"
"1809","Rejected"
"1810","Rejected"
"1811","Rejected"
"1812","Rejected"
"1813","Rejected"
"1814","Rejected"
"1815","Rejected"
"1816","Rejected"
"1817","Rejected"
"1818","Rejected"
"1819","Rejected"
"1820","Rejected"
"1821","Rejected"
"1822","Rejected"
"1823","Rejected"
"1824","Rejected"
"1825","Rejected"
"1826","Rejected"
"1827","Rejected"
"1828","Rejected"
"1829","Rejected"
"1830","Rejected"
"1831","Rejected"
"1832","Rejected"
"1833","Rejected"
"1834","Rejected"
"1835","Rejected"
"1836","Rejected"
"1837","Rejected"
"1838","Rejected"
"1839","Rejected"
"1840","Rejected"
"1841","Rejected"
"1842","Rejected"
"1843","Rejected"
"1844","Rejected"
"1845","Rejected"
"1846","Rejected"
"1847","Rejected"
"1848","Rejected"
"1849","Rejected"
"1850","Rejected"
"1851","Rejected"
"1852","Rejected"
"1853","Rejected"
"1854","Rejected"
"1855","Rejected"
"1856","Rejected"
"1857","Rejected"
"1858","Rejected"
"1859","Rejected"
"1860","Rejected"
"1861","Rejected"
"1862","Rejected"
"1863","Rejected"
"1864","Rejected"
"1865","Rejected"
"1866","Rejected"
"1867","Rejected"
"1868","Rejected"
"1869","Rejected"
"1870","Rejected"
"1871","Rejected"
"1872","Rejected"
"1873","Rejected"
"1874","Rejected"
"1875","Rejected"
"1876","Rejected"
"1877","Rejected"
"1878","Rejected"
"1879","Rejected"
"1880","Rejected"
"1881","Rejected"
"1882","Rejected"
"1883","Rejected"
"1884","Rejected"
"1885","Rejected"
"1886","Rejected"
"1887","Rejected"
"1888","Rejected"
"1889","Rejected"
"1890","Rejected"
"1891","Rejected"
"1892","Rejected"
"1893","Rejected"
"1894","Rejected"
"1895","Rejected"
"1896","Rejected"
"1897","Rejected"
"1898","Rejected"
"1899","Rejected"
"1900","Rejected"
"1901","Rejected"
"1902","Rejected"
"1903","Rejected"
"1904","Rejected"
"1905","Rejected"
"1906","Rejected"
"1907","Rejected"
"1908","Rejected"
"1909","Rejected"
"1910","Rejected"
"1911","Rejected"
"1912","Rejected"
"1913","Rejected"
"1914","Rejected"
"1915","Rejected"
"1916","Rejected"
"1917","Rejected"
"1918","Rejected"
"1919","Rejected"
"1920","Rejected"
"1921","Rejected"
"1922","Rejected"
"1923","Rejected"
"1924","Rejected"
"1925","Rejected"
"1926","Rejected"
"1927","Rejected"
"1928","Rejected"
"1929","Rejected"
"1930","Rejected"
"1931","Rejected"
"1932","Rejected"
"1933","Rejected"
"1934","Rejected"
"1935","Rejected"
"1936","Rejected"
"1937","Rejected"
"1938","Rejected"
"1939","Rejected"
"1940","Rejected"
"1941","Rejected"
"1942","Rejected"
"1943","Rejected"
"1944","Rejected"
"1945","Rejected"
"1946","Rejected"
"1947","Rejected"
"1948","Rejected"
"1949","Rejected"
"1950","Rejected"
"1951","Rejected"
"1952","Rejected"
"1953","Rejected"
"1954","Rejected"
"1955","Rejected"
"1956","Rejected"
"1957","Rejected"
"1958","Rejected"
"1959","Rejected"
"1960","Rejected"
"1961","Rejected"
"1962","Rejected"
"1963","Rejected"
"1964","Rejected"
"1965","Rejected"
"1966","Rejected"
"1967","Rejected"
"1968","Rejected"
"1969","Rejected"
"1970","Rejected"
"1971","Rejected"
"1972","Rejected"
"1973","Rejected"
"1974","Rejected"
"1975","Confirmed"
"1976","Rejected"
"1977","Rejected"
"1978","Rejected"
"1979","Rejected"
"1980","Confirmed"
"1981","Rejected"
"1982","Rejected"
"1983","Rejected"
"1984","Rejected"
"1985","Rejected"
"1986","Rejected"
"1987","Rejected"
"1988","Rejected"
"1989","Rejected"
"1990","Rejected"
"1991","Rejected"
"1992","Rejected"
"1993","Rejected"
"1994","Rejected"
"1995","Rejected"
"1996","Rejected"
"1997","Rejected"
"1998","Rejected"
"1999","Rejected"
"2000","Rejected"
"2001","Rejected"
"2002","Rejected"
"2003","Rejected"
"2004","Rejected"
"2005","Rejected"
"2006","Rejected"
"2007","Rejected"
"2008","Rejected"
"2009","Rejected"
"2010","Rejected"
"2011","Rejected"
"2012","Rejected"
"2013","Rejected"
"2014","Rejected"
"2015","Rejected"
"2016","Rejected"
"2017","Rejected"
"2018","Rejected"
"2019","Rejected"
"2020","Rejected"
"2021","Rejected"
"2022","Rejected"
"2023","Rejected"
"2024","Rejected"
"2025","Rejected"
"2026","Rejected"
"2027","Rejected"
"2028","Rejected"
"2029","Rejected"
"2030","Rejected"
"2031","Rejected"
"2032","Rejected"
"2033","Rejected"
"2034","Rejected"
"2035","Rejected"
"2036","Rejected"
"2037","Rejected"
"2038","Rejected"
"2039","Rejected"
"2040","Rejected"
"2041","Rejected"
"2042","Rejected"
"2043","Rejected"
"2044","Rejected"
"2045","Rejected"
"2046","Rejected"
"2047","Rejected"
"2048","Rejected"
"2049","Rejected"
"2050","Rejected"
"2051","Rejected"
"2052","Rejected"
"2053","Rejected"
"2054","Rejected"
"2055","Rejected"
"2056","Rejected"
"2057","Confirmed"
"2058","Confirmed"
"2059","Rejected"
"2060","Confirmed"
"2061","Confirmed"
"2062","Confirmed"
"2063","Confirmed"
"2064","Confirmed"
"2065","Rejected"
"2066","Rejected"
"2067","Rejected"
"2068","Rejected"
"2069","Rejected"
"2070","Rejected"
"2071","Rejected"
"2072","Rejected"
"2073","Rejected"
"2074","Rejected"
"2075","Rejected"
"2076","Rejected"
"2077","Rejected"
"2078","Rejected"
"2079","Rejected"
"2080","Rejected"
"2081","Rejected"
"2082","Rejected"
"2083","Rejected"
"2084","Rejected"
"2085","Rejected"
"2086","Rejected"
"2087","Rejected"
"2088","Rejected"
"2089","Rejected"
"2090","Rejected"
"2091","Rejected"
"2092","Rejected"
"2093","Rejected"
"2094","Rejected"
"2095","Rejected"
"2096","Rejected"
"2097","Rejected"
"2098","Rejected"
"2099","Confirmed"
"2100","Rejected"
"2101","Confirmed"
"2102","Confirmed"
"2103","Rejected"
"2104","Confirmed"
"2105","Confirmed"
"2106","Tentative"
"2107","Rejected"
"2108","Tentative"
"2109","Rejected"
"2110","Rejected"
"2111","Rejected"
"2112","Rejected"
"2113","Rejected"
"2114","Rejected"
"2115","Rejected"
"2116","Rejected"
"2117","Rejected"
"2118","Rejected"
"2119","Rejected"
"2120","Rejected"
"2121","Confirmed"
"2122","Rejected"
"2123","Confirmed"
"2124","Confirmed"
"2125","Rejected"
"2126","Confirmed"
"2127","Rejected"
"2128","Confirmed"
"2129","Rejected"
"2130","Rejected"
"2131","Rejected"
"2132","Confirmed"
"2133","Confirmed"
"2134","Confirmed"
"2135","Rejected"
"2136","Tentative"
"2137","Rejected"
"2138","Rejected"
"2139","Rejected"
"2140","Rejected"
"2141","Rejected"
"2142","Confirmed"
"2143","Rejected"
"2144","Rejected"
"2145","Rejected"
"2146","Rejected"
"2147","Rejected"
"2148","Rejected"
"2149","Rejected"
"2150","Rejected"
"2151","Rejected"
"2152","Confirmed"
"2153","Rejected"
"2154","Rejected"
"2155","Rejected"
"2156","Rejected"
"2157","Confirmed"
"2158","Rejected"
"2159","Rejected"
"2160","Rejected"
"2161","Rejected"
"2162","Rejected"
"2163","Rejected"
"2164","Confirmed"
"2165","Confirmed"
"2166","Rejected"
"2167","Rejected"
"2168","Rejected"
"2169","Rejected"
"2170","Confirmed"
"2171","Tentative"
"2172","Tentative"
"2173","Rejected"
"2174","Rejected"
"2175","Rejected"
"2176","Rejected"
"2177","Rejected"
"2178","Tentative"
"2179","Confirmed"
"2180","Rejected"
"2181","Rejected"
"2182","Rejected"
"2183","Rejected"
"2184","Rejected"
"2185","Rejected"
"2186","Rejected"
"2187","Confirmed"
"2188","Rejected"
"2189","Rejected"
"2190","Rejected"
"2191","Rejected"
"2192","Rejected"
"2193","Rejected"
"2194","Rejected"
"2195","Rejected"
"2196","Rejected"
"2197","Rejected"
"2198","Rejected"
"2199","Rejected"
"2200","Rejected"
"2201","Rejected"
"2202","Rejected"
"2203","Rejected"
"2204","Rejected"
"2205","Rejected"
"2206","Rejected"
"2207","Rejected"
"2208","Rejected"
"2209","Rejected"
"2210","Rejected"
"2211","Rejected"
"2212","Rejected"
"2213","Rejected"
"2214","Rejected"
"2215","Rejected"
"2216","Rejected"
"2217","Rejected"
"2218","Rejected"
"2219","Rejected"
"2220","Rejected"
"2221","Rejected"
"2222","Rejected"
"2223","Rejected"
"2224","Rejected"
"2225","Rejected"
"2226","Tentative"
"2227","Rejected"
"2228","Rejected"
"2229","Rejected"
"2230","Rejected"
"2231","Rejected"
"2232","Rejected"
"2233","Rejected"
"2234","Rejected"
"2235","Rejected"
"2236","Rejected"
"2237","Rejected"
"2238","Rejected"
"2239","Rejected"
"2240","Rejected"
"2241","Rejected"
"2242","Rejected"
"2243","Rejected"
"2244","Rejected"
"2245","Rejected"
"2246","Rejected"
"2247","Tentative"
"2248","Confirmed"
"2249","Tentative"
"2250","Confirmed"
"2251","Confirmed"
"2252","Confirmed"
"2253","Confirmed"
"2254","Rejected"
"2255","Rejected"
"2256","Confirmed"
"2257","Rejected"
"2258","Rejected"
"2259","Confirmed"
"2260","Tentative"
"2261","Confirmed"
"2262","Rejected"
"2263","Confirmed"
"2264","Confirmed"
"2265","Confirmed"
"2266","Rejected"
"2267","Rejected"
"2268","Rejected"
"2269","Rejected"
"2270","Confirmed"
"2271","Rejected"
"2272","Rejected"
"2273","Confirmed"
"2274","Confirmed"
"2275","Rejected"
"2276","Rejected"
"2277","Rejected"
"2278","Rejected"
"2279","Confirmed"
"2280","Confirmed"
"2281","Tentative"
"2282","Rejected"
"2283","Rejected"
"2284","Rejected"
"2285","Rejected"
"2286","Rejected"
"2287","Confirmed"
"2288","Confirmed"
"2289","Rejected"
"2290","Rejected"
"2291","Rejected"
"2292","Rejected"
"2293","Rejected"
"2294","Rejected"
"2295","Rejected"
"2296","Confirmed"
"2297","Rejected"
"2298","Rejected"
"2299","Confirmed"
"2300","Rejected"
"2301","Confirmed"
"2302","Rejected"
"2303","Rejected"
"2304","Confirmed"
"2305","Rejected"
"2306","Rejected"
"2307","Tentative"
"2308","Rejected"
"2309","Rejected"
"2310","Confirmed"
"2311","Tentative"
"2312","Rejected"
"2313","Rejected"
"2314","Rejected"
"2315","Rejected"
"2316","Rejected"
"2317","Rejected"
"2318","Rejected"
"2319","Rejected"
"2320","Rejected"
"2321","Rejected"
"2322","Rejected"
"2323","Rejected"
"2324","Rejected"
"2325","Rejected"
"2326","Rejected"
"2327","Rejected"
"2328","Rejected"
"2329","Rejected"
"2330","Rejected"
"2331","Rejected"
"2332","Rejected"
"2333","Rejected"
"2334","Rejected"
"2335","Confirmed"
"2336","Rejected"
"2337","Rejected"
"2338","Rejected"
"2339","Rejected"
"2340","Rejected"
"2341","Rejected"
"2342","Rejected"
"2343","Rejected"
"2344","Rejected"
"2345","Rejected"
"2346","Rejected"
"2347","Rejected"
"2348","Rejected"
"2349","Rejected"
"2350","Rejected"
"2351","Rejected"
"2352","Rejected"
"2353","Rejected"
"2354","Rejected"
"2355","Rejected"
"2356","Rejected"
"2357","Rejected"
"2358","Rejected"
"2359","Rejected"
"2360","Rejected"
"2361","Rejected"
"2362","Rejected"
"2363","Rejected"
"2364","Rejected"
"2365","Rejected"
"2366","Rejected"
"2367","Rejected"
"2368","Rejected"
"2369","Rejected"
"2370","Rejected"
"2371","Rejected"
"2372","Rejected"
"2373","Rejected"
"2374","Rejected"
"2375","Confirmed"
"2376","Rejected"
"2377","Confirmed"
"2378","Rejected"
"2379","Rejected"
"2380","Tentative"
"2381","Rejected"
"2382","Tentative"
"2383","Tentative"
"2384","Rejected"
"2385","Rejected"
"2386","Rejected"
"2387","Rejected"
"2388","Rejected"
"2389","Rejected"
"2390","Rejected"
"2391","Rejected"
"2392","Rejected"
"2393","Rejected"
"2394","Rejected"
"2395","Rejected"
"2396","Rejected"
"2397","Rejected"
"2398","Rejected"
"2399","Rejected"
"2400","Rejected"
"2401","Rejected"
"2402","Rejected"
"2403","Tentative"
"2404","Rejected"
"2405","Rejected"
"2406","Rejected"
"2407","Rejected"
"2408","Rejected"
"2409","Rejected"
"2410","Rejected"
"2411","Rejected"
"2412","Rejected"
"2413","Rejected"
"2414","Rejected"
"2415","Rejected"
"2416","Rejected"
"2417","Rejected"
"2418","Rejected"
"2419","Rejected"
"2420","Tentative"
"2421","Rejected"
"2422","Rejected"
"2423","Confirmed"
"2424","Rejected"
"2425","Rejected"
"2426","Rejected"
"2427","Rejected"
"2428","Rejected"
"2429","Rejected"
"2430","Rejected"
"2431","Rejected"
"2432","Rejected"
"2433","Rejected"
"2434","Rejected"
"2435","Rejected"
"2436","Rejected"
"2437","Rejected"
"2438","Rejected"
"2439","Rejected"
"2440","Rejected"
"2441","Rejected"
"2442","Rejected"
"2443","Rejected"
"2444","Rejected"
"2445","Rejected"
"2446","Rejected"
"2447","Rejected"
"2448","Rejected"
"2449","Rejected"
"2450","Rejected"
"2451","Rejected"
"2452","Rejected"
"2453","Rejected"
"2454","Rejected"
"2455","Rejected"
"2456","Rejected"
"2457","Rejected"
"2458","Rejected"
"2459","Rejected"
"2460","Rejected"
"2461","Rejected"
"2462","Confirmed"
"2463","Rejected"
"2464","Rejected"
"2465","Rejected"
"2466","Rejected"
"2467","Rejected"
"2468","Rejected"
"2469","Rejected"
"2470","Rejected"
"2471","Rejected"
"2472","Rejected"
"2473","Rejected"
"2474","Rejected"
"2475","Rejected"
"2476","Rejected"
"2477","Rejected"
"2478","Rejected"
"2479","Rejected"
"2480","Rejected"
"2481","Rejected"
"2482","Rejected"
"2483","Rejected"
"2484","Rejected"
"2485","Rejected"
"2486","Rejected"
"2487","Rejected"
"2488","Rejected"
"2489","Rejected"
"2490","Rejected"
"2491","Rejected"
"2492","Rejected"
"2493","Rejected"
"2494","Rejected"
"2495","Rejected"
"2496","Rejected"
"2497","Rejected"
"2498","Rejected"
"2499","Rejected"
"2500","Rejected"
"2501","Rejected"
"2502","Rejected"
"2503","Rejected"
"2504","Rejected"
"2505","Rejected"
"2506","Rejected"
"2507","Rejected"
"2508","Rejected"
"2509","Rejected"
"2510","Rejected"
"2511","Rejected"
"2512","Rejected"
"2513","Rejected"
"2514","Rejected"
"2515","Rejected"
"2516","Rejected"
"2517","Rejected"
"2518","Rejected"
"2519","Rejected"
"2520","Rejected"
"2521","Rejected"
"2522","Rejected"
"2523","Rejected"
"2524","Rejected"
"2525","Rejected"
"2526","Rejected"
"2527","Rejected"
"2528","Confirmed"
"2529","Rejected"
"2530","Rejected"
"2531","Rejected"
"2532","Rejected"
"2533","Rejected"
"2534","Rejected"
"2535","Rejected"
"2536","Rejected"
"2537","Rejected"
"2538","Confirmed"
"2539","Rejected"
"2540","Rejected"
"2541","Rejected"
"2542","Confirmed"
"2543","Rejected"
"2544","Confirmed"
"2545","Confirmed"
"2546","Rejected"
"2547","Confirmed"
"2548","Rejected"
"2549","Rejected"
"2550","Rejected"
"2551","Confirmed"
"2552","Rejected"
"2553","Rejected"
"2554","Rejected"
"2555","Rejected"
"2556","Rejected"
"2557","Confirmed"
"2558","Rejected"
"2559","Rejected"
"2560","Rejected"
"2561","Rejected"
"2562","Rejected"
"2563","Rejected"
"2564","Rejected"
"2565","Rejected"
"2566","Rejected"
"2567","Rejected"
"2568","Rejected"
"2569","Rejected"
"2570","Rejected"
"2571","Rejected"
"2572","Rejected"
"2573","Rejected"
"2574","Rejected"
"2575","Rejected"
"2576","Rejected"
"2577","Rejected"
"2578","Rejected"
"2579","Rejected"
"2580","Rejected"
"2581","Rejected"
"2582","Rejected"
"2583","Rejected"
"2584","Rejected"
"2585","Rejected"
"2586","Rejected"
"2587","Rejected"
"2588","Confirmed"
"2589","Rejected"
"2590","Rejected"
"2591","Rejected"
"2592","Rejected"
"2593","Rejected"
"2594","Rejected"
"2595","Rejected"
"2596","Rejected"
"2597","Rejected"
"2598","Rejected"
"2599","Rejected"
"2600","Rejected"
"2601","Rejected"
"2602","Rejected"
"2603","Rejected"
"2604","Rejected"
"2605","Rejected"
"2606","Rejected"
"2607","Rejected"
"2608","Rejected"
"2609","Rejected"
"2610","Rejected"
"2611","Rejected"
"2612","Rejected"
"2613","Rejected"
"2614","Rejected"
"2615","Confirmed"
"2616","Confirmed"
"2617","Rejected"
"2618","Rejected"
"2619","Rejected"
"2620","Tentative"
"2621","Rejected"
"2622","Rejected"
"2623","Rejected"
"2624","Rejected"
"2625","Rejected"
"2626","Rejected"
"2627","Rejected"
"2628","Rejected"
"2629","Rejected"
"2630","Rejected"
"2631","Rejected"
"2632","Rejected"
"2633","Rejected"
"2634","Rejected"
"2635","Rejected"
"2636","Rejected"
"2637","Rejected"
"2638","Rejected"
"2639","Rejected"
"2640","Rejected"
"2641","Rejected"
"2642","Rejected"
"2643","Rejected"
"2644","Rejected"
"2645","Rejected"
"2646","Rejected"
"2647","Rejected"
"2648","Rejected"
"2649","Rejected"
"2650","Rejected"
"2651","Rejected"
"2652","Rejected"
"2653","Rejected"
"2654","Rejected"
"2655","Rejected"
"2656","Rejected"
"2657","Rejected"
"2658","Rejected"
"2659","Rejected"
"2660","Rejected"
"2661","Rejected"
"2662","Rejected"
"2663","Rejected"
"2664","Rejected"
"2665","Rejected"
"2666","Rejected"
"2667","Rejected"
"2668","Rejected"
"2669","Rejected"
"2670","Rejected"
"2671","Rejected"
"2672","Rejected"
"2673","Rejected"
"2674","Rejected"
"2675","Rejected"
"2676","Rejected"
"2677","Rejected"
"2678","Rejected"
"2679","Rejected"
"2680","Rejected"
"2681","Rejected"
"2682","Rejected"
"2683","Confirmed"
"2684","Rejected"
"2685","Rejected"
"2686","Rejected"
"2687","Rejected"
"2688","Confirmed"
"2689","Rejected"
"2690","Rejected"
"2691","Confirmed"
"2692","Tentative"
"2693","Rejected"
"2694","Rejected"
"2695","Confirmed"
"2696","Rejected"
"2697","Rejected"
"2698","Rejected"
"2699","Confirmed"
"2700","Rejected"
"2701","Rejected"
"2702","Rejected"
"2703","Rejected"
"2704","Rejected"
"2705","Rejected"
"2706","Rejected"
"2707","Rejected"
"2708","Rejected"
"2709","Rejected"
"2710","Rejected"
"2711","Rejected"
"2712","Rejected"
"2713","Rejected"
"2714","Rejected"
"2715","Rejected"
"2716","Rejected"
"2717","Rejected"
"2718","Rejected"
"2719","Rejected"
"2720","Rejected"
"2721","Rejected"
"2722","Confirmed"
"2723","Rejected"
"2724","Rejected"
"2725","Rejected"
"2726","Rejected"
"2727","Rejected"
"2728","Rejected"
"2729","Rejected"
"2730","Rejected"
"2731","Rejected"
"2732","Rejected"
"2733","Rejected"
"2734","Rejected"
"2735","Tentative"
"2736","Confirmed"
"2737","Rejected"
"2738","Rejected"
"2739","Rejected"
"2740","Rejected"
"2741","Rejected"
"2742","Rejected"
"2743","Rejected"
"2744","Rejected"
"2745","Rejected"
"2746","Rejected"
"2747","Rejected"
"2748","Rejected"
"2749","Rejected"
"2750","Rejected"
"2751","Rejected"
"2752","Rejected"
"2753","Rejected"
"2754","Rejected"
"2755","Rejected"
"2756","Rejected"
"2757","Rejected"
"2758","Rejected"
"2759","Rejected"
"2760","Rejected"
"2761","Rejected"
"2762","Rejected"
"2763","Rejected"
"2764","Rejected"
"2765","Rejected"
"2766","Confirmed"
"2767","Rejected"
"2768","Rejected"
"2769","Rejected"
"2770","Rejected"
"2771","Rejected"
"2772","Rejected"
"2773","Rejected"
"2774","Rejected"
"2775","Rejected"
"2776","Rejected"
"2777","Rejected"
"2778","Rejected"
"2779","Rejected"
"2780","Rejected"
"2781","Rejected"
"2782","Rejected"
"2783","Rejected"
"2784","Rejected"
"2785","Rejected"
"2786","Rejected"
"2787","Rejected"
"2788","Rejected"
"2789","Rejected"
"2790","Rejected"
"2791","Rejected"
"2792","Rejected"
"2793","Rejected"
"2794","Rejected"
"2795","Rejected"
"2796","Rejected"
"2797","Rejected"
"2798","Rejected"
"2799","Rejected"
"2800","Rejected"
"2801","Rejected"
"2802","Rejected"
"2803","Confirmed"
"2804","Rejected"
"2805","Rejected"
"2806","Rejected"
"2807","Rejected"
"2808","Confirmed"
"2809","Rejected"
"2810","Rejected"
"2811","Confirmed"
"2812","Confirmed"
"2813","Rejected"
"2814","Rejected"
"2815","Rejected"
"2816","Rejected"
"2817","Confirmed"
"2818","Confirmed"
"2819","Rejected"
"2820","Rejected"
"2821","Rejected"
"2822","Rejected"
"2823","Rejected"
"2824","Rejected"
"2825","Confirmed"
"2826","Rejected"
"2827","Rejected"
"2828","Rejected"
"2829","Rejected"
"2830","Rejected"
"2831","Rejected"
"2832","Rejected"
"2833","Rejected"
"2834","Rejected"
"2835","Rejected"
"2836","Rejected"
"2837","Rejected"
"2838","Rejected"
"2839","Tentative"
"2840","Rejected"
"2841","Rejected"
"2842","Rejected"
"2843","Rejected"
"2844","Rejected"
"2845","Rejected"
"2846","Rejected"
"2847","Rejected"
"2848","Rejected"
"2849","Rejected"
"2850","Rejected"
"2851","Rejected"
"2852","Rejected"
"2853","Rejected"
"2854","Confirmed"
"2855","Rejected"
"2856","Rejected"
"2857","Rejected"
"2858","Rejected"
"2859","Tentative"
"2860","Rejected"
"2861","Rejected"
"2862","Rejected"
"2863","Rejected"
"2864","Rejected"
"2865","Rejected"
"2866","Rejected"
"2867","Rejected"
"2868","Confirmed"
"2869","Rejected"
"2870","Rejected"
"2871","Rejected"
"2872","Rejected"
"2873","Rejected"
"2874","Confirmed"
"2875","Confirmed"
"2876","Rejected"
"2877","Rejected"
"2878","Rejected"
"2879","Rejected"
"2880","Rejected"
"2881","Rejected"
"2882","Rejected"
"2883","Rejected"
"2884","Rejected"
"2885","Rejected"
"2886","Rejected"
"2887","Rejected"
"2888","Rejected"
"2889","Rejected"
"2890","Rejected"
"2891","Rejected"
"2892","Rejected"
"2893","Confirmed"
"2894","Rejected"
